,image_id,label,prediction
0,948610,1121-120-900-700,1121-230-930-700
1,14724,1121-230-930-700,1121-120-934-700
2,17285,1121-320-941-700,1121-320-941-700
3,14642,1121-420-213-700,1121-420-213-700
4,14607,1121-420-213-700,1121-120-200-700
5,14637,1121-420-213-700,1121-420-213-700
6,15136,1121-430-213-700,1121-420-212-700
7,15132,1121-420-213-700,1121-420-212-700
8,15483,1121-240-433-700,1121-230-943-700
9,948727,1121-230-900-700,1121-240-422-700
10,17512,1121-120-933-700,1121-230-930-700
11,765179,1121-490-915-700,1121-490-915-700
12,765180,1121-4a0-914-700,1121-4a0-914-700
13,765186,1121-490-915-700,1121-490-915-700
14,765188,1121-490-915-700,1121-490-915-700
15,765190,1121-4a0-914-700,1121-4a0-914-700
16,765193,1121-4a0-914-700,1121-4a0-914-700
17,765194,1121-4a0-914-700,1121-4a0-914-700
18,765204,1121-4a0-914-700,1121-4a0-914-700
19,765205,1121-4a0-914-700,1121-200-411-700
20,19722,1123-127-500-000,1123-127-500-000
21,19728,1123-127-500-000,1123-127-500-000
22,16959,1121-420-213-700,1121-420-213-700
23,949411,1121-12f-466-700,1121-120-462-700
24,942947,1121-4a0-914-700,1121-4a0-914-700
25,943088,1121-460-216-700,1124-310-610-625
26,943111,1121-240-441-700,1121-240-441-700
27,943116,1121-129-700-400,1121-129-700-400
28,943090,1121-4a0-914-700,1121-4a0-914-700
29,13055,1121-120-434-700,1121-120-434-700
30,14376,1121-240-434-700,1121-240-422-700
31,15118,1121-127-700-400,1121-120-820-700
32,14510,1121-120-951-700,1121-230-954-700
33,12636,1123-127-500-000,1123-127-500-000
34,17839,1121-200-411-700,1121-200-411-700
35,16696,1121-120-331-700,1121-120-331-700
36,16764,1121-210-330-700,1121-210-330-700
37,16968,1121-420-213-700,1121-110-213-700
38,17339,1121-120-434-700,1121-110-411-700
39,12638,1123-127-500-000,1123-127-500-000
40,12639,1123-127-500-000,1123-127-500-000
41,15098,1121-460-216-700,1121-460-216-700
42,17049,1121-220-213-700,1121-120-441-700
43,17566,1121-430-215-700,1121-430-215-700
44,17732,1121-110-411-700,1121-120-422-700
45,17580,1121-120-961-700,1121-120-961-700
46,17613,1121-120-514-700,1121-120-514-700
47,17614,1121-120-515-700,1121-120-515-700
48,17707,1121-120-412-700,1121-120-911-700
49,12716,1123-110-500-000,1123-127-500-000
50,17738,1121-115-710-400,1121-127-720-512
51,17746,1121-120-438-700,1121-120-437-700
52,17792,1121-120-961-700,1121-116-917-700
53,17793,1121-120-961-700,1121-116-917-700
54,17810,1121-420-212-700,1121-420-212-700
55,17905,1121-120-950-700,1121-230-961-700
56,17887,1121-127-700-400,1121-127-700-400
57,14410,1121-420-213-700,1121-420-213-700
58,16905,1121-420-213-700,1121-120-800-700
59,765222,1121-230-463-700,1121-230-463-700
60,13064,1121-120-951-700,1121-230-930-700
61,12484,1121-120-433-700,1121-120-421-700
62,12584,1121-320-941-700,1121-320-941-700
63,12605,1123-127-500-000,1123-127-500-000
64,12666,1121-115-700-400,1121-115-700-400
65,12673,1121-115-700-400,1121-115-700-400
66,12540,1121-230-921-700,1121-230-921-700
67,12549,1121-230-922-700,1121-230-922-700
68,12554,1121-120-200-700,1121-120-200-700
69,12555,1121-120-800-700,1121-120-800-700
70,12589,1121-4b0-233-700,1121-120-200-700
71,12714,1121-4a0-414-700,1121-4a0-414-700
72,12792,1121-110-411-700,1121-200-411-700
73,13046,1121-120-320-700,1121-120-331-700
74,13069,1121-230-921-700,1121-230-921-700
75,13147,1121-120-934-700,1121-120-933-700
76,13165,1121-220-213-700,1121-220-213-700
77,13178,1121-120-433-700,1121-120-433-700
78,13234,1121-120-320-700,1121-120-320-700
79,13254,1121-120-320-700,1121-120-320-700
80,13271,1121-120-922-700,1121-120-922-700
81,13275,1121-230-915-700,1121-230-915-700
82,14503,1121-120-914-700,1121-120-914-700
83,14527,1121-240-433-700,1121-120-452-700
84,14702,1121-120-911-700,1121-110-411-700
85,14751,1121-120-934-700,1121-120-934-700
86,14837,1121-120-961-700,1121-120-961-700
87,19677,1121-240-442-700,1121-240-442-700
88,12110,1121-240-441-700,1121-240-441-700
89,12131,1121-120-517-700,1121-120-517-700
90,12117,1121-230-921-700,1121-230-921-700
91,12140,1121-120-433-700,1121-120-433-700
92,12141,1121-240-433-700,1121-240-421-700
93,12153,1121-120-320-700,1121-120-320-700
94,12229,1121-115-700-400,1121-115-700-400
95,12234,1121-120-422-700,1121-120-422-700
96,12235,1121-240-422-700,1121-120-452-700
97,12240,1121-120-422-700,1121-120-422-700
98,12245,1121-230-462-700,1121-230-463-700
99,12246,1121-120-462-700,1121-120-462-700
100,12247,1121-230-462-700,1121-230-462-700
101,12279,1121-110-411-700,1121-200-411-700
102,12280,1121-200-411-700,1121-200-411-700
103,12298,1121-230-462-700,1121-230-462-700
104,12264,1121-120-515-700,1121-120-515-700
105,12291,1121-210-213-700,1121-210-213-700
106,12307,1121-110-411-700,1121-110-411-700
107,12323,1121-120-514-700,1121-120-514-700
108,12324,1121-120-515-700,1121-120-515-700
109,12327,1121-120-311-700,1121-120-311-700
110,12328,1121-120-320-700,1121-120-320-700
111,12347,1121-240-438-700,1121-240-438-700
112,12348,1121-120-438-700,1121-120-438-700
113,12365,1121-120-915-700,1121-120-915-700
114,765195,1121-490-915-700,1121-490-915-700
115,765196,1121-490-915-700,1121-490-915-700
116,753240,1123-127-500-000,1123-110-500-000
117,765228,1121-240-441-700,1121-240-441-700
118,765218,1121-116-917-700,1121-116-917-700
119,765307,1123-211-500-000,1123-211-500-000
120,765309,1123-211-500-000,1123-211-500-000
121,765312,1123-211-500-000,1123-211-500-000
122,765314,1123-211-500-000,1123-211-500-000
123,765327,1123-211-500-000,1123-211-500-000
124,765328,1123-211-500-000,1123-211-500-000
125,765330,1123-211-500-000,1123-211-500-000
126,765217,1121-120-911-700,1121-120-911-700
127,949399,1121-240-441-700,1121-240-441-700
128,947518,1121-240-441-700,1121-240-441-700
129,15255,1121-490-915-700,1121-490-915-700
130,947523,1121-120-451-700,1121-230-961-700
131,947527,1121-240-422-700,1121-240-422-700
132,947519,1121-240-442-700,1121-240-442-700
133,947524,1121-120-516-700,1121-230-462-700
134,947528,1121-240-422-700,1121-240-421-700
135,949408,1121-220-310-700,1121-220-213-700
136,947516,1121-240-441-700,1121-240-442-700
137,947520,1121-240-442-700,1121-240-442-700
138,12475,1121-120-433-700,1121-120-911-700
139,949402,1121-129-700-400,1121-129-700-400
140,947517,1121-240-441-700,1121-240-442-700
141,947521,1121-240-442-700,1121-240-442-700
142,949403,1121-129-700-400,1121-129-700-400
143,949410,1121-12f-466-700,1121-12f-466-700
144,14452,1121-120-950-700,1121-120-951-700
145,949404,1121-129-700-400,1121-129-700-400
146,12114,1121-120-951-700,1121-120-951-700
147,12070,1121-120-433-700,1121-120-433-700
148,12095,1121-210-320-700,1121-210-320-700
149,12098,1121-120-330-700,1121-120-330-700
150,741778,1121-110-414-700,1121-110-414-700
151,765187,1121-4a0-914-700,1121-4a0-914-700
152,765225,1121-240-441-700,1121-240-441-700
153,19688,1121-120-441-700,1121-240-422-700
154,765227,1121-240-441-700,1121-240-441-700
155,19700,1121-120-438-700,1121-240-437-700
156,765192,1121-490-915-700,1121-120-914-700
157,741590,1121-120-800-700,1121-120-800-700
158,19708,1121-4a0-914-700,1121-240-442-700
159,741591,1121-120-800-700,1121-120-800-700
160,753322,1121-240-433-700,1121-240-433-700
161,765189,1121-490-915-700,1121-490-915-700
162,765201,1121-490-915-700,1121-4a0-914-700
163,765219,1121-240-437-700,1121-240-438-700
164,741592,1121-120-800-700,1121-120-800-700
165,741593,1121-120-800-700,1121-120-800-700
166,765214,1121-240-442-700,1121-240-442-700
167,765221,1121-120-437-700,1121-230-930-700
168,741594,1121-120-800-700,1121-120-800-700
169,765215,1121-120-434-700,1121-240-438-700
170,765220,1121-120-437-700,1121-110-411-700
171,741595,1121-120-800-700,1121-120-800-700
172,765216,1121-240-434-700,1121-120-437-700
173,741596,1121-120-800-700,1121-120-800-700
174,12787,1121-230-921-700,1121-230-921-700
175,12975,1121-120-311-700,1121-120-311-700
176,12074,1121-220-213-700,1121-240-413-700
177,739858,1121-115-700-400,1121-115-700-400
178,15301,1121-240-434-700,1121-240-434-700
179,765206,1121-4a0-914-700,1121-4a0-914-700
180,741829,1121-120-310-700,1121-120-310-700
181,741894,1121-120-330-700,1121-115-700-400
182,12541,1121-120-919-700,1121-120-919-700
183,741896,1121-210-330-700,1121-210-330-700
184,741897,1121-120-330-700,1121-120-330-700
185,741578,1121-220-230-700,1121-220-230-700
186,741642,1123-127-500-000,1123-127-500-000
187,741707,1121-110-411-700,1121-110-411-700
188,741900,1121-120-330-700,1121-120-330-700
189,12899,1121-240-413-700,1121-240-413-700
190,741582,1121-220-230-700,1121-220-230-700
191,741710,1121-110-411-700,1121-110-411-700
192,12286,1121-120-515-700,1121-240-413-700
193,765223,1121-230-462-700,1121-230-463-700
194,765224,1121-120-442-700,1121-120-442-700
195,765182,1121-4a0-914-700,1121-4a0-914-700
196,741627,1121-120-320-700,1121-120-320-700
197,741883,1121-210-330-700,1121-210-330-700
198,13144,1121-120-943-700,1121-120-943-700
199,741692,1121-110-411-700,1121-110-411-700
200,741884,1121-120-330-700,1121-120-330-700
201,741693,1121-200-411-700,1121-110-411-700
202,741695,1121-110-411-700,1121-110-411-700
203,741887,1121-120-330-700,1121-120-330-700
204,12771,1121-120-914-700,1121-120-914-700
205,741696,1121-200-411-700,1121-200-411-700
206,741888,1121-210-330-700,1121-210-330-700
207,741889,1121-120-330-700,1121-120-330-700
208,765257,1121-120-943-700,1121-120-943-700
209,741634,1121-120-320-700,1121-120-320-700
210,741890,1121-120-330-700,1121-120-330-700
211,741892,1121-120-330-700,1121-120-330-700
212,739490,1121-230-942-700,1121-230-942-700
213,741674,1121-200-411-700,1121-110-411-700
214,12111,1121-120-451-700,1121-230-961-700
215,12115,1121-230-953-700,1121-230-953-700
216,741613,1121-210-320-700,1121-210-320-700
217,739492,1121-200-411-700,1121-200-411-700
218,741682,1121-200-411-700,1121-200-411-700
219,12256,1121-120-442-700,1121-120-442-700
220,741812,1121-120-310-700,1121-120-310-700
221,12773,1121-120-462-700,1121-120-462-700
222,741814,1121-120-310-700,1121-120-310-700
223,12775,1121-120-320-700,1121-4a0-914-700
224,765200,1121-4a0-914-700,1121-4a0-914-700
225,17694,1121-240-442-700,1121-240-442-700
226,19660,1121-110-415-700,1121-110-415-700
227,13039,1121-120-911-700,1121-120-320-700
228,17878,1121-230-942-700,1121-230-942-700
229,19676,1121-240-442-700,1121-240-442-700
230,753257,1123-127-500-000,1123-110-500-000
231,19686,1123-127-500-000,1123-127-500-000
232,12707,1121-120-911-700,1121-200-411-700
233,753253,1123-127-500-000,1123-110-500-000
234,19876,1121-240-442-700,1121-240-442-700
235,12631,1123-127-500-000,1123-127-500-000
236,12708,1121-120-200-700,1121-120-200-700
237,12962,1121-120-914-700,1121-120-911-700
238,13043,1121-120-911-700,1121-120-911-700
239,13172,1121-210-310-700,1121-210-310-700
240,13177,1121-120-311-700,1121-120-311-700
241,13201,1121-230-462-700,1121-230-462-700
242,13210,1121-120-934-700,1121-120-934-700
243,13231,1121-120-515-700,1121-120-515-700
244,13246,1121-120-933-700,1121-120-933-700
245,373092,1123-127-500-000,1123-127-500-000
246,371730,1123-110-500-000,1123-110-500-000
247,12581,1121-120-943-700,1121-120-943-700
248,741607,1121-210-320-700,1123-211-500-000
249,17800,1121-230-930-700,1121-230-950-700
250,17809,1121-230-943-700,1121-230-943-700
251,14757,1121-110-415-700,1121-120-912-700
252,17368,1121-200-411-700,1121-200-411-700
253,17370,1121-220-213-700,1121-220-213-700
254,17372,1121-430-213-700,1121-430-213-700
255,17380,1121-110-411-700,1121-110-411-700
256,17340,1121-120-950-700,1121-120-951-700
257,17460,1121-120-463-700,1121-120-463-700
258,17510,1121-120-915-700,1121-120-915-700
259,14827,1121-4a0-414-700,1121-230-962-700
260,17617,1121-230-462-700,1121-230-462-700
261,17374,1121-460-216-700,1121-120-452-700
262,19888,1121-120-438-700,1121-230-950-700
263,17345,1121-120-911-700,1121-240-421-700
264,14405,1121-120-442-700,1121-120-442-700
265,13065,1121-120-950-700,1121-230-930-700
266,12763,1121-120-919-700,1121-4a0-919-700
267,14482,1121-120-451-700,1121-120-955-700
268,12770,1121-120-442-700,1121-230-943-700
269,17588,1121-230-921-700,1121-230-921-700
270,765199,1121-4a0-914-700,1121-4a0-914-700
271,19656,1123-127-500-000,1123-127-500-000
272,12912,1121-115-710-400,1121-115-710-400
273,14524,1121-230-911-700,1121-200-411-700
274,17536,1121-120-922-700,1121-120-441-700
275,17891,1121-120-915-700,1121-120-915-700
276,17904,1121-230-942-700,1121-230-942-700
277,17906,1121-230-950-700,1121-230-961-700
278,17907,1121-230-950-700,1121-230-930-700
279,17908,1121-120-950-700,1121-120-950-700
280,14458,1121-240-434-700,1121-240-422-700
281,17452,1121-120-421-700,1121-120-421-700
282,17479,1121-120-517-700,1121-120-517-700
283,17548,1121-120-463-700,1121-120-463-700
284,17702,1121-120-463-700,1121-230-952-700
285,17725,1121-120-422-700,1121-120-422-700
286,17745,1121-240-438-700,1121-240-434-700
287,17111,1121-120-914-700,1121-120-914-700
288,17283,1121-460-216-700,1121-460-216-700
289,14750,1121-230-961-700,1121-230-961-700
290,17480,1121-120-517-700,1121-120-517-700
291,17530,1121-120-422-700,1121-120-422-700
292,17584,1121-120-921-700,1121-120-921-700
293,17615,1121-120-463-700,1121-120-463-700
294,17485,1121-110-411-700,1121-200-411-700
295,17712,1121-240-421-700,1121-240-421-700
296,17748,1121-120-452-700,1121-120-454-700
297,17212,1121-210-320-700,1121-210-320-700
298,765181,1121-4a0-914-700,1121-230-922-700
299,17771,1121-120-438-700,1121-240-438-700
300,17779,1121-120-421-700,1121-120-421-700
301,17789,1121-120-421-700,1121-120-421-700
302,17306,1121-120-961-700,1121-120-961-700
303,17517,1121-120-919-700,1121-4a0-914-700
304,16914,1121-240-422-700,1121-120-442-700
305,14417,1121-240-434-700,1121-240-434-700
306,15306,1121-420-213-700,1121-420-213-700
307,17542,1121-230-915-700,1121-230-915-700
308,17576,1121-120-962-700,1121-230-962-700
309,17594,1121-210-330-700,1121-210-330-700
310,17700,1121-120-517-700,1121-120-517-700
311,17476,1121-240-413-700,1121-240-421-700
312,17757,1121-120-434-700,1121-120-421-700
313,17309,1121-120-962-700,1121-120-962-700
314,17328,1121-120-943-700,1121-120-951-700
315,14449,1121-120-915-700,1121-120-915-700
316,17451,1121-120-421-700,1121-120-421-700
317,17478,1121-120-517-700,1121-120-517-700
318,17516,1121-120-919-700,1121-120-915-700
319,17543,1121-230-914-700,1121-230-914-700
320,17577,1121-120-962-700,1121-120-962-700
321,17602,1121-230-942-700,1121-230-942-700
322,14621,1121-240-422-700,1121-240-422-700
323,17626,1121-120-311-700,1121-120-311-700
324,17701,1121-120-517-700,1121-120-517-700
325,17723,1121-120-320-700,1121-120-320-700
326,17777,1121-120-310-700,1121-120-310-700
327,17799,1121-120-934-700,1121-230-930-700
328,15391,1121-420-213-700,1121-420-213-700
329,17808,1121-120-943-700,1121-120-943-700
330,17850,1121-120-517-700,1121-120-517-700
331,17864,1121-240-434-700,1121-240-434-700
332,17868,1121-120-517-700,1121-120-517-700
333,17885,1121-120-933-700,1121-120-433-700
334,17513,1121-230-930-700,1121-230-930-700
335,17539,1121-120-462-700,1121-120-462-700
336,17033,1121-115-710-400,1121-115-710-400
337,17474,1121-120-413-700,1121-120-413-700
338,17620,1121-240-433-700,1121-240-433-700
339,17695,1121-120-442-700,1121-120-442-700
340,17715,1121-120-462-700,1121-110-411-700
341,17784,1121-230-942-700,1121-230-942-700
342,17794,1121-120-962-700,1121-120-962-700
343,17807,1121-230-462-700,1121-230-451-700
344,17840,1121-120-422-700,1121-120-422-700
345,17851,1121-120-517-700,1121-120-517-700
346,17865,1121-120-434-700,1121-120-434-700
347,17869,1121-120-517-700,1121-120-517-700
348,17889,1121-120-915-700,1121-120-915-700
349,17274,1121-240-433-700,1121-120-442-700
350,17305,1121-120-961-700,1121-120-961-700
351,17326,1121-120-933-700,1121-120-933-700
352,14398,1121-120-517-700,1121-120-517-700
353,16907,1121-460-216-700,1121-200-411-700
354,17470,1121-240-422-700,1121-240-421-700
355,17514,1121-120-922-700,1121-120-922-700
356,17541,1121-120-462-700,1121-120-462-700
357,17573,1121-210-320-700,1121-210-320-700
358,17624,1121-210-230-700,1121-210-230-700
359,17696,1121-120-516-700,1121-120-516-700
360,17720,1121-120-310-700,1121-120-310-700
361,17740,1121-129-700-400,1121-129-700-400
362,17756,1121-240-422-700,1121-240-422-700
363,17475,1121-240-413-700,1121-120-413-700
364,16812,1121-120-934-700,1121-120-433-700
365,17477,1121-120-413-700,1121-120-422-700
366,16794,1121-240-433-700,1121-240-433-700
367,16949,1121-240-442-700,1121-240-442-700
368,17046,1121-230-962-700,1121-230-962-700
369,17066,1121-120-962-700,1121-120-962-700
370,17294,1121-210-310-700,1121-210-310-700
371,17319,1121-230-943-700,1121-230-943-700
372,15531,1121-120-463-700,1121-230-463-700
373,17463,1121-240-422-700,1121-240-422-700
374,17538,1121-230-930-700,1121-120-951-700
375,17336,1121-120-950-700,1121-230-962-700
376,17589,1121-120-914-700,1121-120-914-700
377,17619,1121-120-433-700,1121-120-433-700
378,17639,1121-210-320-700,1121-210-320-700
379,17713,1121-120-433-700,1121-120-433-700
380,17772,1121-240-438-700,1121-240-438-700
381,16808,1121-12f-466-700,1121-120-462-700
382,16747,1121-120-311-700,1121-120-311-700
383,16716,1121-120-961-700,1121-120-961-700
384,17123,1121-420-212-700,1121-420-212-700
385,17269,1121-120-515-700,1121-120-515-700
386,17299,1121-4b0-233-700,1121-430-215-700
387,17323,1121-120-330-700,1121-120-330-700
388,14382,1121-240-434-700,1121-240-434-700
389,17338,1121-240-433-700,1121-240-433-700
390,17466,1121-120-433-700,1121-120-433-700
391,765191,1121-120-915-700,1121-4a0-914-700
392,17101,1121-120-311-700,1121-120-311-700
393,17119,1121-220-230-700,1121-220-230-700
394,17221,1121-115-700-400,1121-115-700-400
395,17256,1121-120-442-700,1121-120-442-700
396,17257,1121-240-442-700,1121-240-442-700
397,17088,1121-230-942-700,1121-230-942-700
398,17102,1121-210-310-700,1121-210-310-700
399,17121,1121-220-310-700,1121-220-310-700
400,17315,1121-210-320-700,1121-210-320-700
401,17334,1121-120-915-700,1121-120-915-700
402,16793,1121-120-433-700,1121-120-421-700
403,17010,1121-120-200-700,1121-120-200-700
404,17024,1121-120-310-700,1121-120-310-700
405,17036,1121-120-438-700,1121-120-441-700
406,12706,1121-120-911-700,1121-200-411-700
407,17103,1121-210-330-700,1121-210-330-700
408,16771,1121-120-943-700,1121-120-943-700
409,16753,1121-120-962-700,1121-120-962-700
410,13041,1121-4a0-918-700,1121-120-911-700
411,16997,1121-120-919-700,1121-120-919-700
412,17030,1121-120-915-700,1121-120-915-700
413,17056,1121-120-438-700,1121-120-437-700
414,17082,1121-120-921-700,1121-120-921-700
415,17129,1121-120-914-700,1121-120-914-700
416,16709,1121-120-943-700,1121-120-943-700
417,16763,1121-120-330-700,1121-120-330-700
418,12698,1121-420-213-700,1121-127-700-400
419,16688,1121-230-922-700,1121-230-922-700
420,16710,1121-230-943-700,1121-230-943-700
421,12683,1121-240-433-700,1121-240-434-700
422,16815,1121-230-921-700,1121-230-921-700
423,16928,1121-120-463-700,1121-120-463-700
424,16966,1121-110-213-700,1121-110-213-700
425,17022,1121-120-200-700,1121-120-200-700
426,17057,1121-240-438-700,1121-240-438-700
427,16694,1121-120-919-700,1121-500-915-700
428,17083,1121-230-921-700,1121-230-921-700
429,16880,1121-210-230-700,1121-210-230-700
430,16755,1121-120-943-700,1121-120-943-700
431,17287,1121-230-942-700,1121-230-942-700
432,16752,1121-230-953-700,1121-230-961-700
433,15392,1121-210-213-700,1121-210-213-700
434,16810,1121-210-320-700,1121-210-320-700
435,17054,1121-120-434-700,1121-110-411-700
436,17068,1121-110-411-700,1121-110-411-700
437,17080,1121-120-915-700,1121-120-915-700
438,17099,1121-120-200-700,1121-120-200-700
439,17110,1121-120-914-700,1121-120-914-700
440,17128,1121-220-230-700,1121-220-230-700
441,14771,1121-120-918-700,1121-120-918-700
442,17461,1121-120-463-700,1121-230-463-700
443,17564,1121-120-330-700,1121-120-330-700
444,12874,1121-430-213-700,1121-120-200-700
445,765184,1121-4a0-914-700,1121-4a0-914-700
446,12601,1123-127-500-000,1123-127-500-000
447,16708,1121-120-922-700,1121-120-922-700
448,16719,1121-200-411-700,1121-200-411-700
449,15308,1121-220-213-700,1121-220-213-700
450,15556,1121-120-914-700,1121-120-914-700
451,15569,1121-120-915-700,1121-120-915-700
452,15326,1121-115-710-400,1121-115-710-400
453,15530,1121-120-463-700,1121-120-721-400
454,16689,1121-120-933-700,1121-120-933-700
455,16711,1121-120-921-700,1121-120-921-700
456,765161,1121-129-700-400,1121-129-700-400
457,16897,1121-210-230-700,1121-210-230-700
458,15465,1121-210-331-700,1121-120-330-700
459,17012,1121-120-933-700,1121-120-921-700
460,17027,1121-120-922-700,1121-120-922-700
461,16697,1121-210-331-700,1121-210-331-700
462,16729,1121-120-918-700,1121-120-918-700
463,16739,1121-210-320-700,1121-210-320-700
464,16767,1121-210-320-700,1121-210-320-700
465,19878,1121-240-438-700,1121-240-438-700
466,17197,1121-115-710-400,1121-115-710-400
467,13062,1121-120-330-700,1121-120-330-700
468,14403,1121-120-463-700,1121-120-463-700
469,16693,1121-120-919-700,1121-120-919-700
470,15496,1121-240-422-700,1121-240-422-700
471,16726,1121-230-962-700,1121-230-962-700
472,16754,1121-230-962-700,1121-230-962-700
473,16799,1121-120-515-700,1121-120-462-700
474,14495,1121-120-441-700,1121-120-441-700
475,16703,1121-240-421-700,1121-120-943-700
476,17020,1121-120-918-700,1121-120-918-700
477,17325,1121-230-911-700,1121-200-411-700
478,15551,1121-120-421-700,1121-120-422-700
479,15565,1121-120-934-700,1121-120-934-700
480,15577,1121-230-922-700,1121-230-922-700
481,15508,1121-120-919-700,1121-4a0-919-700
482,15412,1121-115-700-400,1121-115-700-400
483,15451,1121-210-320-700,1121-210-320-700
484,15487,1121-120-961-700,1121-120-961-700
485,15517,1121-120-310-700,1121-120-310-700
486,15553,1121-120-915-700,1121-120-915-700
487,15583,1121-240-438-700,1121-240-438-700
488,15213,1121-240-413-700,1121-240-413-700
489,12522,1123-110-500-000,1123-127-500-000
490,15488,1121-120-961-700,1121-120-961-700
491,15498,1121-230-921-700,1121-230-921-700
492,15518,1121-220-310-700,1121-220-310-700
493,15540,1121-120-422-700,1121-230-943-700
494,15554,1121-120-915-700,1121-120-915-700
495,15566,1121-230-934-700,1121-120-933-700
496,15584,1121-120-934-700,1121-240-438-700
497,15264,1121-120-933-700,1121-120-933-700
498,15300,1121-120-422-700,1121-120-422-700
499,15316,1121-120-514-700,1121-210-330-700
500,15325,1121-115-700-400,1121-115-700-400
501,17788,1121-240-413-700,1121-240-421-700
502,15523,1121-120-421-700,1121-120-421-700
503,15543,1121-120-517-700,1121-120-517-700
504,15481,1121-230-930-700,1121-230-930-700
505,15491,1121-120-915-700,1121-120-915-700
506,19877,1121-240-421-700,1121-240-421-700
507,15544,1121-120-517-700,1121-120-517-700
508,14782,1121-200-411-700,1121-200-411-700
509,14533,1121-120-437-700,1121-200-411-700
510,14778,1121-120-311-700,1121-120-311-700
511,14799,1121-4b0-233-700,1121-430-215-700
512,14820,1121-120-962-700,1121-120-962-700
513,15441,1121-120-452-700,1121-230-930-700
514,15470,1121-120-934-700,1121-230-930-700
515,15494,1121-120-961-700,1121-120-961-700
516,15571,1121-120-434-700,1121-120-434-700
517,15525,1121-240-413-700,1121-240-421-700
518,14620,1121-120-434-700,1121-240-421-700
519,15471,1121-230-930-700,1121-230-930-700
520,14871,1121-127-700-400,1121-120-820-700
521,15495,1121-120-434-700,1121-120-434-700
522,15513,1121-120-914-700,1121-120-914-700
523,15561,1121-210-320-700,1121-210-320-700
524,15572,1121-240-434-700,1121-240-422-700
525,14916,1121-115-700-400,1121-115-700-400
526,15526,1121-240-413-700,1121-120-943-700
527,15047,1121-120-943-700,1121-120-943-700
528,15450,1121-120-320-700,1121-120-320-700
529,15473,1121-120-516-700,1121-120-516-700
530,15486,1121-240-421-700,1121-120-441-700
531,14969,1121-120-311-700,1121-120-311-700
532,14488,1121-240-437-700,1121-120-438-700
533,15243,1121-200-411-700,1121-110-414-700
534,15467,1121-120-915-700,1121-4a0-914-700
535,14656,1121-120-413-700,1121-120-413-700
536,14666,1121-120-320-700,1121-120-331-700
537,14830,1121-4b0-233-700,1121-120-200-700
538,15134,1121-460-216-700,1121-120-454-700
539,14608,1121-420-212-700,1121-420-212-700
540,15207,1121-115-700-400,1121-115-700-400
541,15248,1121-120-463-700,1121-120-463-700
542,15274,1121-120-413-700,1121-240-413-700
543,14756,1121-240-422-700,1121-120-442-700
544,14697,1121-240-434-700,1121-240-422-700
545,14719,1121-230-962-700,1121-230-962-700
546,14836,1121-120-961-700,1121-120-961-700
547,15482,1121-120-437-700,1121-120-433-700
548,15010,1121-120-943-700,1121-120-943-700
549,15080,1121-120-921-700,1121-120-922-700
550,15093,1121-230-943-700,1121-230-943-700
551,15114,1121-120-200-700,1121-120-200-700
552,15210,1121-420-212-700,1121-420-212-700
553,15230,1121-120-441-700,1121-120-441-700
554,15254,1121-120-914-700,1121-110-414-700
555,15275,1121-120-413-700,1121-120-413-700
556,15302,1121-4b0-233-700,1121-120-200-700
557,14504,1121-120-914-700,1121-120-914-700
558,14698,1121-120-914-700,1121-120-914-700
559,14745,1121-120-933-700,1121-240-421-700
560,12352,1121-120-951-700,1121-120-441-700
561,19775,1121-240-441-700,1121-240-441-700
562,14509,1121-120-951-700,1121-230-954-700
563,14788,1121-120-433-700,1121-120-421-700
564,14737,1121-230-930-700,1121-230-930-700
565,14928,1121-120-517-700,1121-120-517-700
566,15000,1121-230-922-700,1121-230-922-700
567,15084,1121-120-441-700,1121-230-943-700
568,15197,1121-120-311-700,1121-120-311-700
569,15242,1121-110-411-700,1121-200-411-700
570,14386,1121-230-463-700,1121-230-463-700
571,15273,1121-240-433-700,1121-240-421-700
572,14443,1121-120-311-700,1121-120-311-700
573,14534,1121-240-437-700,1121-240-437-700
574,15413,1121-120-311-700,1121-120-311-700
575,14470,1121-120-918-700,1121-120-914-700
576,14701,1121-200-411-700,1121-200-411-700
577,14749,1121-120-961-700,1121-120-961-700
578,15396,1121-430-213-700,1121-430-213-700
579,12542,1121-120-919-700,1121-120-462-700
580,15004,1121-120-933-700,1121-120-933-700
581,15044,1121-210-320-700,1121-210-320-700
582,15075,1121-240-422-700,1121-240-422-700
583,14483,1121-120-462-700,1121-120-462-700
584,15107,1121-120-463-700,1121-120-463-700
585,14612,1121-120-800-700,1121-120-800-700
586,14421,1121-200-411-700,1121-200-411-700
587,12663,1121-120-413-700,1121-120-413-700
588,12664,1123-112-500-000,1123-112-500-000
589,13040,1121-120-911-700,1121-110-414-700
590,14694,1121-120-515-700,1121-120-515-700
591,14626,1121-12f-467-700,1121-12f-467-700
592,14618,1121-120-514-700,1121-120-514-700
593,14696,1121-120-434-700,1121-120-434-700
594,14739,1121-230-921-700,1121-120-951-700
595,14826,1121-110-414-700,1123-127-500-000
596,14927,1121-120-517-700,1121-120-517-700
597,14999,1121-120-922-700,1121-120-922-700
598,15041,1121-120-311-700,1121-120-311-700
599,15072,1121-120-922-700,1121-120-922-700
600,15196,1121-210-310-700,1121-210-310-700
601,15239,1121-230-462-700,1121-230-462-700
602,15268,1121-120-933-700,1121-120-933-700
603,12682,1121-120-433-700,1121-240-437-700
604,15304,1121-220-310-700,1121-220-310-700
605,15429,1121-120-921-700,1121-120-921-700
606,19747,1121-240-441-700,1121-240-441-700
607,14627,1121-120-463-700,1121-120-463-700
608,12688,1121-4a0-414-700,1121-4a0-414-700
609,15081,1121-230-921-700,1121-230-921-700
610,14736,1121-120-934-700,1121-230-950-700
611,12701,1123-110-500-000,1123-127-500-000
612,14624,1121-120-514-700,1121-120-514-700
613,14409,1121-430-213-700,1121-430-213-700
614,14520,1121-120-961-700,1121-120-961-700
615,14475,1121-120-330-700,1121-120-330-700
616,14522,1121-230-961-700,1121-230-961-700
617,12662,1121-120-413-700,1121-120-413-700
618,14663,1121-120-320-700,1121-120-320-700
619,14730,1121-210-320-700,1121-210-320-700
620,14821,1121-120-962-700,1121-120-962-700
621,14921,1121-115-700-400,1121-115-700-400
622,14984,1121-230-463-700,1121-230-463-700
623,19702,1121-240-442-700,1121-240-442-700
624,14418,1121-120-434-700,1121-120-434-700
625,13056,1121-240-434-700,1121-240-422-700
626,14523,1121-120-911-700,1121-200-411-700
627,14671,1121-120-310-700,1121-120-310-700
628,14731,1121-120-320-700,1121-200-411-700
629,13244,1121-240-433-700,1121-200-411-700
630,14824,1121-120-914-700,1121-120-914-700
631,15070,1121-230-936-700,1121-240-437-700
632,15099,1121-110-411-700,1121-120-438-700
633,15212,1121-240-433-700,1121-240-421-700
634,15237,1121-230-462-700,1121-230-462-700
635,14457,1121-120-434-700,1121-120-434-700
636,14530,1121-120-433-700,1121-120-433-700
637,14633,1121-240-422-700,1121-240-422-700
638,14716,1121-120-915-700,1121-120-915-700
639,14813,1121-210-230-700,1121-210-230-700
640,14512,1121-120-919-700,1121-120-915-700
641,14531,1121-240-433-700,1121-240-433-700
642,14644,1121-420-212-700,1121-420-212-700
643,14722,1121-230-943-700,1121-230-917-700
644,12472,1121-240-422-700,1121-240-422-700
645,14815,1121-230-943-700,1121-230-943-700
646,15246,1121-230-462-700,1121-12f-466-700
647,14723,1121-120-934-700,1121-230-930-700
648,14401,1121-120-463-700,1121-120-463-700
649,14517,1121-240-442-700,1121-240-442-700
650,14653,1121-120-413-700,1121-120-413-700
651,12695,1123-110-500-000,1123-110-500-000
652,15426,1121-230-934-700,1121-230-922-700
653,14469,1121-120-914-700,1121-120-918-700
654,14654,1121-120-413-700,1121-120-413-700
655,14764,1121-120-914-700,1121-120-915-700
656,12543,1121-120-914-700,1121-120-918-700
657,14983,1121-120-463-700,1121-120-463-700
658,15037,1121-120-200-700,1121-120-200-700
659,13269,1121-120-200-700,1121-210-230-700
660,14783,1121-200-411-700,1121-4a0-414-700
661,12715,1123-110-500-000,1123-127-500-000
662,12658,1121-120-421-700,1121-120-421-700
663,12746,1121-120-330-700,1121-120-330-700
664,13241,1121-120-441-700,1121-120-441-700
665,12753,1121-230-911-700,1121-200-411-700
666,12774,1121-12f-466-700,1121-120-462-700
667,12741,1123-110-500-000,1123-127-500-000
668,12737,1121-120-911-700,1121-200-411-700
669,14526,1121-230-921-700,1121-230-922-700
670,13024,1121-120-915-700,1121-120-915-700
671,12948,1121-120-462-700,1121-120-462-700
672,13123,1121-120-463-700,1121-230-962-700
673,14444,1121-210-310-700,1121-210-310-700
674,13161,1121-120-918-700,1121-4a0-918-700
675,14378,1121-200-411-700,1121-200-411-700
676,14448,1121-230-930-700,1121-120-951-700
677,13142,1121-4b0-233-700,1121-4b0-233-700
678,14505,1121-120-330-700,1121-120-330-700
679,14528,1121-120-433-700,1121-120-433-700
680,13135,1121-240-434-700,1121-240-433-700
681,14844,1121-120-433-700,1121-120-437-700
682,13250,1121-120-934-700,1121-230-930-700
683,14809,1121-220-310-700,1121-220-310-700
684,14845,1121-240-433-700,1121-240-437-700
685,14383,1121-120-434-700,1121-120-434-700
686,15028,1121-120-921-700,1121-120-921-700
687,14753,1121-120-433-700,1121-120-433-700
688,14397,1121-120-517-700,1121-120-517-700
689,13152,1121-120-919-700,1121-120-919-700
690,13159,1121-120-921-700,1121-120-921-700
691,13166,1121-120-922-700,1121-120-922-700
692,13175,1121-120-310-700,1121-120-310-700
693,12471,1121-120-422-700,1121-120-422-700
694,12949,1121-230-462-700,1121-230-462-700
695,12558,1121-120-330-700,1121-120-330-700
696,12529,1121-120-330-700,1121-120-330-700
697,12565,1121-120-800-700,1121-120-800-700
698,12567,1121-230-943-700,1121-230-943-700
699,12570,1121-120-200-700,1121-120-200-700
700,14721,1121-120-943-700,1121-120-442-700
701,14996,1121-120-911-700,1121-120-911-700
702,14408,1121-200-411-700,1121-200-411-700
703,14464,1121-200-411-700,1121-200-411-700
704,15567,1121-120-915-700,1121-120-915-700
705,14377,1121-110-411-700,1121-110-411-700
706,12713,1121-110-414-700,1121-110-414-700
707,15535,1121-110-411-700,1121-110-411-700
708,15582,1121-240-438-700,1121-120-433-700
709,12954,1121-230-922-700,1121-230-922-700
710,13153,1121-120-919-700,1121-120-919-700
711,16804,1121-210-230-700,1121-210-230-700
712,13169,1121-210-230-700,1121-210-230-700
713,13176,1121-210-310-700,1121-210-310-700
714,13226,1121-120-915-700,1121-120-915-700
715,13235,1121-210-320-700,1121-210-320-700
716,12500,1121-420-212-700,1121-420-212-700
717,14938,1121-120-330-700,1121-120-330-700
718,15020,1121-120-463-700,1121-120-463-700
719,19683,1121-240-442-700,1121-240-442-700
720,12134,1121-120-934-700,1121-230-930-700
721,12505,1121-420-213-700,1121-420-213-700
722,12592,1121-230-921-700,1121-230-921-700
723,12135,1121-230-934-700,1121-230-934-700
724,12120,1121-230-934-700,1121-240-438-700
725,12133,1121-240-442-700,1121-230-954-700
726,12363,1121-120-922-700,1121-120-922-700
727,12513,1123-127-500-000,1123-127-500-000
728,12525,1123-127-500-000,1123-127-500-000
729,12596,1123-127-500-000,1123-127-500-000
730,12158,1121-210-230-700,1121-210-230-700
731,14804,1121-230-922-700,1121-230-922-700
732,12257,1121-120-422-700,1121-120-421-700
733,12576,1121-120-800-700,1121-120-800-700
734,12364,1121-230-922-700,1121-230-922-700
735,12470,1121-240-421-700,1121-240-421-700
736,12267,1121-120-320-700,1121-120-330-700
737,12268,1121-210-331-700,1121-210-331-700
738,12578,1123-127-500-000,1123-127-500-000
739,12599,1123-127-500-000,1123-127-500-000
740,12357,1121-120-413-700,1121-120-413-700
741,12583,1121-320-941-700,1121-320-941-700
742,12928,1121-115-700-400,1121-115-700-400
743,12687,1121-110-414-700,1121-110-414-700
744,12535,1121-220-213-700,1121-220-213-700
745,10358,1121-120-463-700,1121-120-463-700
746,12560,1121-120-330-700,1121-120-330-700
747,19681,1121-240-442-700,1121-240-442-700
748,16800,1121-120-516-700,1121-120-516-700
749,16878,1121-210-310-700,1121-210-310-700
750,15101,1121-460-216-700,1121-460-216-700
751,12374,1121-120-514-700,1121-120-514-700
752,12516,1123-127-500-000,1123-127-500-000
753,12585,1121-4b0-233-700,1121-4b0-233-700
754,16801,1121-120-310-700,1121-120-310-700
755,12388,1121-120-516-700,1121-120-516-700
756,12490,1121-120-422-700,1121-120-422-700
757,12587,1121-120-200-700,1121-120-200-700
758,17237,1121-420-213-700,1121-420-213-700
759,15018,1121-120-462-700,1121-120-462-700
760,15051,1121-240-441-700,1121-240-441-700
761,12389,1121-120-516-700,1121-120-516-700
762,12493,1121-120-413-700,1121-120-413-700
763,12358,1121-120-413-700,1121-120-413-700
764,12395,1121-230-934-700,1121-230-934-700
765,945841,1123-211-500-000,1123-211-500-000
766,945842,1123-211-500-000,1123-211-500-000
767,12717,1121-120-330-700,1121-120-330-700
768,17145,1123-127-500-000,1123-127-500-000
769,3232,1123-127-500-000,1123-127-500-000
770,12718,1121-210-330-700,1121-210-330-700
771,12857,1121-240-422-700,1121-240-422-700
772,13047,1121-210-331-700,1121-210-331-700
773,13083,1121-120-962-700,1121-230-962-700
774,13148,1121-120-934-700,1121-120-934-700
775,12721,1121-230-921-700,1121-230-921-700
776,12722,1121-120-922-700,1121-120-320-700
777,12989,1121-120-911-700,1121-120-911-700
778,12725,1121-120-800-700,1121-120-800-700
779,12870,1121-430-215-700,1121-115-700-400
780,13151,1121-240-422-700,1121-240-422-700
781,12873,1121-460-216-700,1121-460-216-700
782,13005,1121-120-311-700,1121-120-311-700
783,13060,1121-120-320-700,1121-120-320-700
784,12729,1121-120-922-700,1121-120-922-700
785,12485,1121-240-433-700,1121-240-421-700
786,12742,1121-120-200-700,1121-120-200-700
787,12926,1121-200-411-700,1121-200-411-700
788,13013,1121-115-700-400,1121-115-700-400
789,12533,1121-120-200-700,1121-120-200-700
790,12743,1121-210-230-700,1121-210-230-700
791,17933,1121-120-919-700,1121-120-919-700
792,372455,1123-127-500-000,1123-127-500-000
793,17921,1121-120-441-700,1121-120-441-700
794,17934,1121-120-915-700,1121-220-310-700
795,13696,1121-120-452-700,1121-230-943-700
796,807180,1124-410-610-625,1121-220-213-700
797,372543,1121-230-936-700,1121-120-441-700
798,15928,1121-120-961-700,1121-120-961-700
799,15720,1121-120-911-700,1121-120-911-700
800,13776,1121-420-213-700,1121-420-213-700
801,15984,1121-430-213-700,1121-420-212-700
802,15994,1121-430-213-700,1121-420-212-700
803,948978,1121-127-800-700,1121-120-800-700
804,16298,1121-430-213-700,1121-430-213-700
805,11468,1121-120-412-700,1121-110-411-700
806,15694,1121-200-411-700,1121-110-411-700
807,372478,1121-210-213-700,1121-110-411-700
808,15717,1121-120-934-700,1121-230-930-700
809,15927,1121-230-961-700,1121-120-961-700
810,372460,1123-127-500-000,1123-127-500-000
811,372552,1123-127-500-000,1123-127-500-000
812,948642,1121-120-800-700,1121-120-800-700
813,948647,1121-120-800-700,1121-120-800-700
814,948643,1121-120-800-700,1121-120-800-700
815,948648,1121-120-800-700,1121-120-800-700
816,948641,1121-120-800-700,1121-120-800-700
817,948705,1123-211-500-000,1123-211-500-000
818,13282,1121-210-331-700,1121-210-331-700
819,13319,1121-120-921-700,1121-120-921-700
820,13326,1121-230-922-700,1121-230-922-700
821,13344,1121-4a0-414-700,1121-4a0-414-700
822,13378,1121-430-215-700,1121-115-700-400
823,13477,1121-120-437-700,1121-240-437-700
824,13616,1121-120-514-700,1121-120-514-700
825,13656,1121-115-700-400,1121-115-700-400
826,13687,1121-210-320-700,1121-210-320-700
827,12997,1121-230-952-700,1121-230-962-700
828,13848,1121-120-320-700,1121-120-320-700
829,13925,1121-120-915-700,1121-200-411-700
830,14011,1121-120-320-700,1121-120-320-700
831,14227,1121-220-230-700,1121-220-230-700
832,11992,1121-200-411-700,1121-200-411-700
833,17923,1121-240-433-700,1121-240-433-700
834,17926,1121-120-934-700,1121-120-934-700
835,17927,1121-230-934-700,1121-230-922-700
836,17928,1121-120-915-700,1121-120-915-700
837,17929,1121-230-915-700,1121-230-915-700
838,13526,1121-230-911-700,1121-4a0-414-700
839,16675,1121-460-216-700,1121-460-216-700
840,372506,1121-120-412-700,1121-240-442-700
841,14119,1121-240-413-700,1121-120-422-700
842,15877,1121-120-462-700,1121-120-462-700
843,15672,1121-200-411-700,1121-200-411-700
844,16390,1121-120-914-700,1121-120-915-700
845,807181,1124-310-620-625,1124-310-620-625
846,16422,1121-120-442-700,1121-120-915-700
847,11543,1121-110-414-700,1121-110-414-700
848,11548,1121-230-922-700,1121-230-922-700
849,11558,1121-230-943-700,1121-230-943-700
850,11562,1121-120-433-700,1121-120-433-700
851,11571,1121-115-710-400,1121-115-710-400
852,11586,1121-210-330-700,1121-210-330-700
853,11587,1121-120-921-700,1121-120-921-700
854,12777,1121-220-320-700,1121-210-213-700
855,11609,1121-120-200-700,1121-120-200-700
856,11616,1121-120-934-700,1121-120-934-700
857,11620,1121-120-915-700,1121-120-915-700
858,11737,1121-115-700-400,1121-115-700-400
859,11752,1121-210-310-700,1121-210-310-700
860,11783,1121-4b0-233-700,1121-4b0-233-700
861,11801,1121-4b0-233-700,1121-4b0-233-700
862,11809,1121-210-331-700,1121-210-331-700
863,11826,1121-230-921-700,1121-230-921-700
864,11954,1121-420-213-700,1121-420-213-700
865,11980,1121-210-331-700,1121-210-331-700
866,11996,1121-230-463-700,1121-230-463-700
867,12036,1121-120-921-700,1121-120-921-700
868,12050,1121-120-311-700,1121-120-311-700
869,11507,1121-120-517-700,1121-120-517-700
870,11746,1121-240-434-700,1121-240-434-700
871,754606,1121-120-943-700,1121-240-421-700
872,754607,1121-120-330-700,1121-120-331-700
873,765332,1123-211-500-000,1123-211-500-000
874,765334,1123-211-500-000,1123-211-500-000
875,765435,1124-310-620-625,1121-120-200-700
876,781726,1124-310-610-625,1124-310-610-625
877,946337,1121-240-441-700,1121-240-441-700
878,948644,1121-120-800-700,1121-120-800-700
879,946282,1121-120-441-700,1121-120-441-700
880,948645,1121-120-800-700,1121-120-800-700
881,948646,1121-120-800-700,1121-120-800-700
882,807179,1124-310-610-625,1124-310-610-625
883,12376,1121-120-721-400,1121-120-721-400
884,372499,1121-210-213-700,1121-210-320-700
885,370346,1121-4a0-914-700,1121-120-921-700
886,370405,1121-230-915-700,1121-240-441-700
887,948873,1121-120-800-700,1121-120-800-700
888,946334,1121-210-213-700,1121-210-213-700
889,11426,1121-120-330-700,1121-120-330-700
890,11444,1121-120-311-700,1121-120-311-700
891,11463,1121-200-411-700,1121-200-411-700
892,11465,1121-115-710-400,1121-115-710-400
893,11471,1121-240-433-700,1121-240-433-700
894,11491,1121-230-922-700,1121-230-922-700
895,11501,1121-210-230-700,1121-210-230-700
896,11504,1121-120-463-700,1121-120-463-700
897,11505,1121-120-434-700,1121-120-434-700
898,11516,1121-120-922-700,1121-120-922-700
899,11517,1121-230-922-700,1121-230-922-700
900,11522,1121-230-922-700,1121-230-922-700
901,13375,1121-120-943-700,1121-120-943-700
902,14145,1121-200-411-700,1121-4a0-414-700
903,743175,1121-240-441-700,1121-240-441-700
904,743177,1121-240-434-700,1121-120-442-700
905,765357,1124-310-620-625,1124-310-620-625
906,765358,1124-310-610-625,1124-310-610-625
907,765361,1123-211-500-000,1123-211-500-000
908,754456,1123-211-500-000,1123-211-500-000
909,372501,1121-120-442-700,1121-200-411-700
910,781725,1124-410-610-625,1124-410-610-625
911,12162,1121-210-321-700,1121-12f-467-700
912,16358,1121-120-514-700,1121-115-700-400
913,743171,1121-120-441-700,1121-120-442-700
914,13964,1121-120-943-700,1121-116-917-700
915,765471,1123-211-500-000,1123-211-500-000
916,765472,1123-110-500-000,1123-110-500-000
917,781727,1124-410-620-625,1124-410-620-625
918,11986,1121-240-422-700,1121-240-422-700
919,765497,112d-121-500-000,112d-121-500-000
920,781728,1124-310-620-625,1124-310-620-625
921,765498,1124-310-620-625,1124-310-620-625
922,765499,1124-410-620-625,1124-410-620-625
923,372494,1121-120-962-700,1121-120-950-700
924,765510,112d-121-500-000,112d-121-500-000
925,765511,1123-110-500-000,1123-110-500-000
926,765845,112d-121-500-000,112d-121-500-000
927,765847,1121-129-700-400,1121-129-700-400
928,765359,1124-410-620-625,1124-410-620-625
929,765848,1121-129-700-400,1121-230-463-700
930,765360,1124-410-610-625,1124-410-610-625
931,754453,1123-211-500-000,1123-211-500-000
932,754466,1123-211-500-000,1123-211-500-000
933,754472,1121-230-950-700,1121-120-943-700
934,754503,1121-120-452-700,1121-230-943-700
935,754516,1121-490-310-700,1121-220-310-700
936,754537,1121-210-331-700,1121-210-331-700
937,754538,1121-120-330-700,1121-120-320-700
938,754559,1121-120-310-700,1121-120-310-700
939,754573,1121-120-310-700,1121-120-310-700
940,17952,1121-120-310-700,1121-120-311-700
941,17973,1121-230-934-700,1121-230-934-700
942,372484,1121-120-933-700,1121-200-411-700
943,372536,1121-120-462-700,1121-120-462-700
944,948547,1121-127-720-400,1121-115-700-400
945,13520,1121-120-200-700,1121-120-200-700
946,14181,1121-120-330-700,1121-120-943-700
947,17935,1121-4a0-914-700,1121-120-912-700
948,754450,1123-211-500-000,1123-211-500-000
949,372487,1121-200-411-700,1121-240-442-700
950,18634,1121-460-216-700,1121-230-942-700
951,754426,1121-4a0-914-700,1121-4a0-914-700
952,754455,1123-211-500-000,1123-211-500-000
953,370344,1121-240-421-700,1121-240-421-700
954,8795,1121-120-421-700,1121-120-331-700
955,372904,1123-127-500-000,1123-127-500-000
956,372492,1121-230-961-700,1121-230-961-700
957,946336,1121-240-441-700,1121-120-441-700
958,14221,1121-120-311-700,1121-120-311-700
959,14286,1121-120-310-700,1121-120-310-700
960,14287,1121-120-320-700,1121-120-320-700
961,370607,1123-110-500-000,1123-110-500-000
962,370609,1123-110-500-000,1123-110-500-000
963,370610,1123-110-500-000,1123-110-500-000
964,370611,1123-110-500-000,1123-110-500-000
965,370612,1123-110-500-000,1123-110-500-000
966,370614,1123-110-500-000,1123-110-500-000
967,370615,1123-110-500-000,1123-110-500-000
968,370616,1123-110-500-000,1123-110-500-000
969,14120,1121-120-437-700,1121-200-411-700
970,13370,1121-120-943-700,1121-120-943-700
971,13956,1121-120-310-700,1121-120-413-700
972,15767,1121-230-943-700,1121-230-936-700
973,11506,1121-240-434-700,1121-120-437-700
974,13960,1121-120-433-700,1121-120-433-700
975,15770,1121-4a0-914-700,1121-4a0-914-700
976,15725,1121-120-442-700,1121-230-961-700
977,14139,1121-240-434-700,1121-240-422-700
978,15775,1121-120-933-700,1121-230-930-700
979,18125,1121-120-911-700,1121-110-411-700
980,948548,1121-127-720-400,1121-120-311-700
981,372518,1121-230-934-700,1121-230-934-700
982,743179,1121-120-434-700,1121-240-422-700
983,13697,1121-240-438-700,1121-230-921-700
984,372522,1121-230-961-700,1121-230-961-700
985,13698,1121-240-438-700,1121-240-438-700
986,16189,1121-120-820-700,1121-120-720-400
987,18155,1121-120-962-700,1121-120-962-700
988,370345,1121-120-915-700,1121-120-915-700
989,372527,1121-240-442-700,1121-240-442-700
990,13795,1121-120-514-700,1121-120-514-700
991,754449,1123-211-500-000,1123-211-500-000
992,372480,1121-120-911-700,1121-120-911-700
993,18260,1121-230-462-700,1121-230-462-700
994,372434,1121-240-442-700,1121-240-442-700
995,372528,1121-120-442-700,1121-120-442-700
996,13298,1121-230-911-700,1121-120-911-700
997,13820,1121-120-933-700,1121-120-933-700
998,16169,1121-120-800-700,1121-120-800-700
999,18515,1121-120-311-700,1121-120-311-700
1000,372529,1121-115-710-400,1121-115-710-400
1001,13322,1121-240-433-700,1121-240-433-700
1002,13914,1121-120-441-700,1121-120-961-700
1003,16223,1121-430-215-700,1121-4b0-233-700
1004,372483,1121-120-942-700,1121-120-942-700
1005,372530,1121-240-441-700,1121-240-441-700
1006,13379,1121-120-200-700,1121-120-200-700
1007,17932,1121-120-919-700,1121-120-911-700
1008,17939,1121-230-930-700,1121-230-930-700
1009,17940,1121-120-915-700,1121-120-915-700
1010,17946,1121-120-915-700,1121-120-915-700
1011,17948,1121-120-914-700,1121-120-914-700
1012,13607,1121-120-422-700,1121-230-942-700
1013,16644,1121-230-922-700,1121-230-922-700
1014,16682,1121-230-921-700,1121-230-921-700
1015,16338,1121-120-514-700,1121-120-514-700
1016,948549,1121-127-720-400,1121-110-213-700
1017,765442,1123-211-500-000,1123-211-500-000
1018,16616,1121-120-517-700,1121-120-517-700
1019,11557,1121-120-943-700,1121-120-943-700
1020,372474,1121-120-921-700,1121-120-921-700
1021,16439,1121-120-442-700,1121-120-943-700
1022,16426,1121-120-412-700,1121-120-421-700
1023,16582,1121-115-700-400,1121-115-700-400
1024,16551,1121-120-422-700,1121-120-422-700
1025,16617,1121-120-517-700,1121-120-517-700
1026,765443,1123-211-500-000,1123-211-500-000
1027,14315,1121-120-800-700,1121-120-800-700
1028,15785,1121-120-919-700,1121-120-919-700
1029,11599,1121-115-710-400,1121-127-720-512
1030,16157,1121-120-441-700,1121-230-943-700
1031,765444,1123-110-500-000,1123-110-500-000
1032,13916,1121-240-433-700,1121-120-434-700
1033,15763,1121-120-200-700,1121-120-200-700
1034,765457,1124-310-610-625,1124-310-610-625
1035,13918,1121-240-434-700,1121-120-433-700
1036,372477,1121-240-442-700,1121-240-442-700
1037,13927,1121-230-934-700,1121-230-930-700
1038,15766,1121-120-943-700,1121-120-943-700
1039,765458,1124-410-610-625,1124-310-610-625
1040,17914,1121-210-330-700,1121-220-330-700
1041,17920,1121-240-442-700,1121-240-442-700
1042,17922,1121-120-433-700,1121-120-421-700
1043,16447,1121-120-921-700,1121-230-934-700
1044,16465,1121-120-421-700,1121-120-421-700
1045,16641,1121-120-914-700,1121-120-914-700
1046,16656,1121-220-230-700,1121-220-230-700
1047,16670,1121-230-930-700,1121-230-930-700
1048,11659,1121-120-437-700,1121-120-943-700
1049,948552,1121-210-221-700,1121-129-700-400
1050,15997,1121-120-911-700,1121-240-433-700
1051,16011,1121-230-962-700,1121-230-962-700
1052,754520,1121-120-934-700,1121-230-930-700
1053,15998,1121-120-911-700,1121-120-911-700
1054,16017,1121-230-911-700,1121-200-411-700
1055,16020,1121-230-961-700,1121-230-961-700
1056,15989,1121-210-213-700,1121-230-962-700
1057,16414,1121-120-911-700,1121-200-411-700
1058,11536,1121-240-437-700,1121-120-441-700
1059,14175,1121-115-700-400,1121-115-700-400
1060,15776,1121-230-930-700,1121-230-930-700
1061,16552,1121-240-422-700,1121-240-422-700
1062,16604,1121-240-438-700,1121-240-438-700
1063,16039,1121-110-411-700,1121-110-411-700
1064,16642,1121-120-200-700,1121-4b0-233-700
1065,16677,1121-120-442-700,1121-120-442-700
1066,16453,1121-120-918-700,1121-120-918-700
1067,16139,1121-240-433-700,1121-120-422-700
1068,16605,1121-120-438-700,1121-200-411-700
1069,16167,1121-120-462-700,1121-120-462-700
1070,16679,1121-120-330-700,1121-120-330-700
1071,12057,1121-116-917-700,1121-116-917-700
1072,16227,1121-420-213-700,1121-420-213-700
1073,16615,1121-120-515-700,1121-120-515-700
1074,16558,1121-210-320-700,1121-210-320-700
1075,16365,1121-200-411-700,1121-110-411-700
1076,16146,1121-120-516-700,1121-120-516-700
1077,16161,1121-210-310-700,1121-220-310-700
1078,16294,1121-240-442-700,1121-240-442-700
1079,16334,1121-120-463-700,1121-120-463-700
1080,948553,1121-210-333-700,1121-120-413-700
1081,16360,1121-120-962-700,1121-120-962-700
1082,16375,1121-240-434-700,1121-240-434-700
1083,16555,1121-110-411-700,1121-110-411-700
1084,16408,1121-120-933-700,1121-120-933-700
1085,16416,1121-210-230-700,1121-210-230-700
1086,16583,1121-120-434-700,1121-120-434-700
1087,14272,1121-120-962-700,1121-230-962-700
1088,15778,1121-230-943-700,1121-230-943-700
1089,15779,1121-120-515-700,1121-120-515-700
1090,15748,1121-430-215-700,1121-430-215-700
1091,372504,1121-220-310-700,1121-210-331-700
1092,743176,1121-120-434-700,1121-120-434-700
1093,16463,1121-230-921-700,1121-230-921-700
1094,16584,1121-240-434-700,1121-240-434-700
1095,15780,1121-120-515-700,1121-120-515-700
1096,16630,1121-120-800-700,1121-120-800-700
1097,15761,1121-4b0-233-700,1121-120-200-700
1098,16667,1121-120-200-700,1121-120-200-700
1099,15859,1121-200-411-700,1121-110-411-700
1100,15856,1121-120-437-700,1121-120-438-700
1101,16398,1121-120-438-700,1121-240-438-700
1102,16635,1121-120-820-700,1121-120-820-700
1103,16669,1121-120-933-700,1121-230-930-700
1104,15902,1121-120-463-700,1121-120-463-700
1105,16407,1121-200-411-700,1121-200-411-700
1106,16417,1121-240-422-700,1121-120-950-700
1107,16442,1121-120-914-700,1121-120-914-700
1108,948557,1121-230-414-700,1121-4a0-414-700
1109,16579,1121-115-700-400,1121-115-700-400
1110,16646,1121-120-914-700,1121-120-914-700
1111,11563,1121-240-422-700,1121-120-437-700
1112,16239,1121-230-962-700,1121-230-962-700
1113,15869,1121-110-411-700,1121-110-411-700
1114,14203,1121-120-922-700,1121-120-921-700
1115,15947,1121-230-943-700,1121-230-936-700
1116,15974,1121-120-915-700,1121-110-414-700
1117,16008,1121-120-434-700,1121-120-434-700
1118,16202,1121-120-422-700,1121-240-422-700
1119,16373,1121-120-934-700,1121-120-452-700
1120,16238,1121-120-962-700,1121-120-800-700
1121,16323,1121-240-442-700,1121-240-442-700
1122,16351,1121-120-914-700,1121-120-914-700
1123,16136,1121-120-433-700,1121-120-421-700
1124,15878,1121-230-462-700,1121-230-462-700
1125,16389,1121-230-943-700,1121-230-943-700
1126,15886,1121-200-411-700,1121-200-411-700
1127,14204,1121-230-921-700,1121-230-921-700
1128,15950,1121-120-919-700,1121-120-919-700
1129,15727,1121-120-441-700,1121-120-442-700
1130,15712,1121-120-961-700,1121-230-961-700
1131,15655,1121-240-421-700,1121-240-421-700
1132,15951,1121-230-922-700,1121-230-922-700
1133,15975,1121-120-934-700,1121-120-933-700
1134,15993,1121-240-434-700,1121-120-421-700
1135,16009,1121-240-434-700,1121-240-434-700
1136,15864,1121-120-434-700,1121-120-434-700
1137,15873,1121-120-442-700,1121-120-943-700
1138,948570,1121-119-700-400,1121-129-700-400
1139,15966,1121-240-433-700,1121-240-433-700
1140,15987,1121-120-200-700,1121-120-200-700
1141,16458,1121-120-452-700,1121-120-911-700
1142,16578,1121-120-437-700,1121-120-437-700
1143,16024,1121-120-943-700,1121-120-942-700
1144,15912,1121-120-438-700,1121-120-437-700
1145,372473,1121-230-921-700,1121-230-921-700
1146,15967,1121-120-933-700,1121-120-933-700
1147,15875,1121-12f-467-700,1121-12f-467-700
1148,16119,1121-120-433-700,1121-120-421-700
1149,16158,1121-240-441-700,1121-240-441-700
1150,16225,1121-120-462-700,1121-120-462-700
1151,16307,1121-240-434-700,1121-240-422-700
1152,15890,1121-240-421-700,1121-230-942-700
1153,15943,1121-420-212-700,1121-420-212-700
1154,15971,1121-120-955-700,1121-120-961-700
1155,15990,1121-200-411-700,1121-120-911-700
1156,16004,1121-230-943-700,1121-230-943-700
1157,15871,1121-110-411-700,1121-110-411-700
1158,16126,1121-240-421-700,1121-240-421-700
1159,16159,1121-120-433-700,1121-120-433-700
1160,16216,1121-210-310-700,1121-210-310-700
1161,16313,1121-240-421-700,1121-240-421-700
1162,16385,1121-200-411-700,1121-200-411-700
1163,16372,1121-230-930-700,1121-220-213-700
1164,15710,1121-110-411-700,1121-200-411-700
1165,15718,1121-230-930-700,1121-230-930-700
1166,15730,1121-120-943-700,1121-120-943-700
1167,15744,1121-230-934-700,1121-230-934-700
1168,948571,1121-119-700-400,1121-129-700-400
1169,15758,1121-120-434-700,1121-120-911-700
1170,15962,1121-240-422-700,1121-240-433-700
1171,15978,1121-230-943-700,1121-230-954-700
1172,16149,1121-240-434-700,1121-240-422-700
1173,16207,1121-210-310-700,1121-210-310-700
1174,15662,1121-120-463-700,1121-120-463-700
1175,15685,1121-120-517-700,1121-120-517-700
1176,15711,1121-120-961-700,1121-120-961-700
1177,15721,1121-120-433-700,1121-120-421-700
1178,15759,1121-240-434-700,1121-120-451-700
1179,15860,1121-120-442-700,1121-120-442-700
1180,15979,1121-120-915-700,1121-120-915-700
1181,16368,1121-120-911-700,1121-120-911-700
1182,16224,1121-460-216-700,1121-460-216-700
1183,16306,1121-120-422-700,1121-120-422-700
1184,16363,1121-240-422-700,1121-240-422-700
1185,16380,1121-120-943-700,1121-120-943-700
1186,15713,1121-120-915-700,1121-120-915-700
1187,15722,1121-240-433-700,1121-240-421-700
1188,15865,1121-240-434-700,1121-240-422-700
1189,16222,1121-430-215-700,1121-430-215-700
1190,16035,1121-210-213-700,1121-210-213-700
1191,16650,1121-120-800-700,1121-120-800-700
1192,948572,1121-119-700-400,1121-129-700-400
1193,11914,1121-120-433-700,1121-110-411-700
1194,16214,1121-120-463-700,1121-120-463-700
1195,15900,1121-110-415-700,1121-110-415-700
1196,15658,1121-110-411-700,1121-110-411-700
1197,15903,1121-12f-467-700,1121-120-463-700
1198,11977,1121-110-411-700,1121-120-331-700
1199,14016,1121-120-442-700,1121-120-442-700
1200,15977,1121-120-943-700,1121-120-951-700
1201,15707,1121-240-442-700,1121-230-943-700
1202,15715,1121-120-934-700,1121-120-934-700
1203,15723,1121-120-441-700,1121-240-422-700
1204,15755,1121-120-919-700,1121-120-919-700
1205,15996,1121-210-230-700,1121-210-230-700
1206,16013,1121-230-943-700,1121-230-943-700
1207,16148,1121-120-422-700,1121-120-422-700
1208,16303,1121-129-700-400,1121-129-700-400
1209,16340,1121-240-422-700,1121-240-422-700
1210,16361,1121-230-961-700,1121-230-961-700
1211,15660,1121-120-517-700,1121-120-463-700
1212,15679,1121-230-463-700,1121-230-463-700
1213,15709,1121-200-411-700,1121-200-411-700
1214,15716,1121-230-934-700,1121-230-934-700
1215,372466,1123-127-500-000,1123-127-500-000
1216,11508,1121-120-517-700,1121-120-517-700
1217,15857,1121-240-437-700,1121-240-437-700
1218,15665,1121-120-441-700,1121-120-441-700
1219,15661,1121-230-463-700,1121-230-463-700
1220,15684,1121-120-517-700,1121-120-517-700
1221,948573,1121-119-700-400,1121-129-700-400
1222,14275,1121-120-422-700,1121-120-422-700
1223,14277,1121-120-413-700,1121-120-413-700
1224,372493,1121-230-962-700,1121-230-962-700
1225,13913,1121-120-451-700,1121-230-953-700
1226,13315,1121-120-934-700,1121-120-922-700
1227,15954,1121-230-930-700,1121-120-452-700
1228,13653,1121-120-911-700,1121-110-411-700
1229,13926,1121-120-933-700,1121-120-921-700
1230,15784,1121-120-919-700,1121-120-919-700
1231,14008,1121-210-230-700,1121-210-230-700
1232,15916,1121-120-800-700,1121-120-800-700
1233,14279,1121-120-413-700,1121-120-413-700
1234,11768,1121-240-421-700,1121-120-933-700
1235,13998,1121-210-230-700,1121-210-230-700
1236,14155,1121-120-311-700,1121-120-311-700
1237,14138,1121-120-422-700,1121-120-422-700
1238,372557,1121-116-917-700,1121-116-917-700
1239,11816,1121-120-437-700,1121-240-437-700
1240,14126,1121-120-433-700,1121-120-433-700
1241,16457,1121-120-452-700,1121-230-943-700
1242,16577,1121-240-437-700,1121-120-437-700
1243,13961,1121-240-438-700,1121-240-433-700
1244,372498,1121-120-914-700,1121-120-914-700
1245,15963,1121-120-933-700,1121-120-422-700
1246,372500,1121-230-942-700,1121-230-942-700
1247,16197,1121-430-215-700,1121-120-962-700
1248,948574,1121-119-700-400,1121-129-700-400
1249,13449,1121-115-700-400,1121-115-700-400
1250,13502,1121-430-215-700,1121-120-413-700
1251,13292,1121-120-943-700,1121-120-943-700
1252,13649,1121-240-433-700,1121-240-433-700
1253,13790,1121-120-422-700,1121-120-422-700
1254,13830,1121-120-915-700,1121-120-915-700
1255,13911,1121-240-442-700,1121-230-943-700
1256,13958,1121-120-330-700,1121-120-330-700
1257,13981,1121-120-463-700,1121-120-517-700
1258,13346,1121-120-433-700,1121-120-434-700
1259,13347,1121-240-433-700,1121-110-411-700
1260,13369,1121-230-922-700,1121-230-922-700
1261,13377,1121-430-215-700,1121-115-700-400
1262,14182,1121-210-330-700,1121-110-411-700
1263,13518,1121-120-943-700,1121-120-943-700
1264,13946,1121-120-921-700,1121-120-921-700
1265,14247,1121-230-934-700,1121-230-934-700
1266,13288,1121-120-933-700,1121-120-433-700
1267,14274,1121-240-442-700,1121-240-442-700
1268,13756,1121-115-700-400,1121-115-700-400
1269,948575,1121-119-700-400,1121-129-700-400
1270,13665,1121-230-930-700,1121-230-930-700
1271,13839,1121-4b0-233-700,1121-4b0-233-700
1272,13969,1121-230-921-700,1121-230-921-700
1273,13984,1121-210-320-700,1121-210-320-700
1274,13444,1121-240-437-700,1121-240-437-700
1275,13527,1121-420-212-700,1121-420-212-700
1276,13785,1121-120-462-700,1121-120-462-700
1277,14013,1121-120-330-700,1121-120-330-700
1278,13606,1121-120-422-700,1121-230-942-700
1279,14230,1121-120-911-700,1121-200-411-700
1280,18126,1121-230-911-700,1121-230-911-700
1281,13445,1121-120-437-700,1121-240-438-700
1282,13787,1121-120-462-700,1121-230-961-700
1283,13844,1121-210-230-700,1121-210-230-700
1284,13907,1121-210-320-700,1121-210-320-700
1285,13979,1121-240-442-700,1121-240-442-700
1286,13994,1121-120-320-700,1121-4a0-914-700
1287,14014,1121-210-330-700,1121-210-330-700
1288,14025,1121-230-922-700,1121-230-922-700
1289,14231,1121-230-911-700,1121-200-411-700
1290,948576,1121-119-700-400,1121-129-700-400
1291,13648,1121-120-433-700,1121-120-421-700
1292,765441,1123-110-500-000,1123-127-500-000
1293,17945,1121-120-515-700,1121-120-515-700
1294,14171,1121-200-411-700,1121-490-412-700
1295,765434,1124-410-620-625,1124-410-620-625
1296,15973,1121-120-915-700,1121-120-915-700
1297,15675,1121-120-514-700,1121-120-514-700
1298,15699,1121-120-463-700,1121-120-463-700
1299,15892,1121-420-213-700,1121-420-213-700
1300,15982,1121-120-331-700,1121-120-331-700
1301,16622,1121-120-517-700,1121-120-517-700
1302,13478,1121-240-437-700,1121-240-433-700
1303,13508,1121-430-215-700,1121-430-215-700
1304,14018,1121-430-213-700,1121-420-213-700
1305,13689,1121-210-330-700,1121-210-330-700
1306,13815,1121-120-911-700,1121-110-411-700
1307,13928,1121-120-934-700,1121-120-934-700
1308,13511,1121-210-310-700,1121-210-310-700
1309,13543,1121-430-215-700,1121-120-942-700
1310,13627,1121-120-310-700,1121-120-310-700
1311,13692,1121-230-463-700,1121-230-463-700
1312,948577,1121-119-700-400,1121-119-700-400
1313,13524,1121-120-311-700,1121-120-311-700
1314,11748,1121-210-310-700,1121-210-310-700
1315,11765,1121-120-514-700,1121-120-514-700
1316,11782,1121-230-922-700,1121-230-922-700
1317,11791,1121-420-213-700,1121-420-213-700
1318,11798,1121-210-331-700,1121-210-331-700
1319,372450,1121-230-943-700,1121-230-943-700
1320,11979,1121-120-331-700,1121-120-911-700
1321,12016,1121-230-462-700,1121-230-462-700
1322,372544,1121-115-710-400,1121-115-710-400
1323,12039,1121-230-921-700,1121-230-921-700
1324,12048,1121-4b0-233-700,1121-4b0-233-700
1325,11537,1121-110-411-700,1121-200-411-700
1326,11628,1121-210-320-700,1121-210-320-700
1327,11633,1121-120-462-700,1121-120-462-700
1328,11642,1121-120-922-700,1121-120-922-700
1329,11643,1121-230-922-700,1121-230-922-700
1330,11647,1121-220-230-700,1121-220-230-700
1331,11658,1121-240-437-700,1121-240-437-700
1332,11727,1121-210-310-700,1121-210-310-700
1333,11770,1121-200-411-700,1121-200-411-700
1334,372451,1121-230-943-700,1121-230-943-700
1335,11741,1121-120-320-700,1121-120-320-700
1336,948578,1121-119-700-400,1121-129-700-400
1337,11961,1121-110-411-700,1121-200-411-700
1338,372491,1121-120-463-700,1121-120-463-700
1339,372432,1121-210-310-700,1121-210-310-700
1340,11601,1121-120-331-700,1121-115-700-400
1341,11792,1121-430-213-700,1121-420-213-700
1342,372531,1121-230-962-700,1121-230-962-700
1343,372532,1121-220-213-700,1121-120-463-700
1344,372533,1121-230-463-700,1121-120-517-700
1345,372437,1121-120-462-700,1121-120-462-700
1346,11847,1121-120-962-700,1121-120-820-700
1347,372440,1121-210-230-700,1121-210-230-700
1348,372537,1121-120-462-700,1121-220-230-700
1349,372441,1121-120-311-700,1121-120-311-700
1350,372541,1121-230-962-700,1121-230-962-700
1351,372446,1121-210-310-700,1121-210-310-700
1352,11198,1121-240-438-700,1121-110-411-700
1353,11450,1121-115-710-400,1121-115-710-400
1354,11472,1121-120-433-700,1121-120-421-700
1355,11451,1121-115-700-400,1121-115-700-400
1356,11744,1121-210-310-700,1121-210-310-700
1357,11764,1121-120-514-700,1121-120-514-700
1358,11772,1121-120-463-700,1121-120-463-700
1359,11787,1121-120-515-700,1121-120-515-700
1360,372449,1121-230-961-700,1121-230-961-700
1361,11802,1121-120-934-700,1121-120-934-700
1362,11828,1121-230-922-700,1121-230-922-700
1363,11843,1121-120-921-700,1121-120-921-700
1364,948591,1121-120-466-700,1121-120-462-700
1365,11859,1121-120-311-700,1121-120-311-700
1366,11951,1121-420-212-700,1121-420-212-700
1367,11441,1121-120-452-700,1121-200-411-700
1368,15424,1121-120-912-700,1121-120-919-700
1369,12905,1121-210-453-700,1121-220-330-700
1370,13280,1121-230-917-700,1121-230-917-700
1371,15287,1121-120-912-700,1121-120-915-700
1372,13266,1121-120-721-400,1121-120-721-400
1373,12877,1121-4a0-515-700,1121-4a0-919-700
1374,12672,1121-210-453-700,1123-110-500-000
1375,13019,1121-220-215-700,1121-120-311-700
1376,13211,1121-230-933-700,1121-230-930-700
1377,14615,1121-120-453-700,1121-120-442-700
1378,14519,1121-490-415-700,1121-120-442-700
1379,13220,1121-230-933-700,1121-230-953-700
1380,15069,1121-120-936-700,1121-120-942-700
1381,14746,1121-230-933-700,1121-120-934-700
1382,15265,1121-230-933-700,1121-230-953-700
1383,15002,1121-120-912-700,1121-500-915-700
1384,14843,1121-490-412-700,1121-200-411-700
1385,15585,1121-230-933-700,1121-120-934-700
1386,15042,1121-210-321-700,1121-210-321-700
1387,15001,1121-120-912-700,1121-120-915-700
1388,15533,1121-4a0-412-700,1121-120-463-700
1389,15247,1121-210-321-700,1121-210-321-700
1390,17331,1121-230-952-700,1121-230-962-700
1391,16760,1121-230-933-700,1121-230-921-700
1392,17337,1121-230-954-700,1121-230-952-700
1393,17691,1121-490-412-700,1121-120-421-700
1394,17327,1121-230-933-700,1121-230-933-700
1395,17330,1121-120-956-700,1121-120-962-700
1396,17806,1121-120-453-700,1121-120-451-700
1397,14948,1121-4a0-515-700,1121-120-515-700
1398,14484,1121-210-453-700,1121-120-515-700
1399,17609,1121-210-321-700,1121-210-321-700
1400,16927,1121-220-454-700,1123-211-500-000
1401,17464,1121-210-453-700,1121-220-330-700
1402,12678,1121-210-453-700,1123-211-500-000
1403,739497,1121-210-321-700,1123-211-500-000
1404,949409,1121-230-913-700,1121-230-915-700
1405,947525,1121-230-452-700,1121-230-452-700
1406,13267,1121-120-721-400,1121-120-720-400
1407,17473,1121-220-454-700,1121-120-463-700
1408,17703,1121-220-454-700,1123-127-500-000
1409,17706,1121-4a0-412-700,1121-240-422-700
1410,14228,1121-120-921-700,1121-120-921-700
1411,372507,112d-121-500-000,1123-127-500-000
1412,372510,1121-240-434-700,1121-240-422-700
1413,372515,1121-120-961-700,1121-230-961-700
1414,372519,1121-220-230-700,1121-120-200-700
1415,372520,1121-120-934-700,1121-120-951-700
1416,372521,1121-220-213-700,1121-220-213-700
1417,372890,1123-127-500-000,1123-127-500-000
1418,948713,1121-230-414-700,1121-200-411-700
1419,948714,1121-230-414-700,1121-200-411-700
1420,948715,1121-230-414-700,1121-200-411-700
1421,948716,1121-230-452-700,1121-230-452-700
1422,948717,1121-230-452-700,1121-230-463-700
1423,948718,1121-230-452-700,1121-230-452-700
1424,948720,1121-230-453-700,1121-230-451-700
1425,948721,1121-230-453-700,1121-230-462-700
1426,948722,1121-230-453-700,1121-230-451-700
1427,948724,1121-230-453-700,1121-230-462-700
1428,948725,1121-230-453-700,1121-230-451-700
1429,948744,1121-230-913-700,1121-230-915-700
1430,948745,1121-230-913-700,1121-230-917-700
1431,948757,1121-230-935-700,1121-120-442-700
1432,948758,1121-230-935-700,1121-230-942-700
1433,948759,1121-230-935-700,1121-230-942-700
1434,948760,1121-230-952-700,1121-230-962-700
1435,948761,1121-230-952-700,1121-230-962-700
1436,948762,1121-230-952-700,1121-230-962-700
1437,948763,1121-230-952-700,1121-230-962-700
1438,948764,1121-230-952-700,1121-230-962-700
1439,948766,1121-490-413-700,1121-120-422-700
1440,948767,1121-490-413-700,1121-120-422-700
1441,948768,1121-490-413-700,1121-120-413-700
1442,948769,1121-490-413-700,1121-120-413-700
1443,948770,1121-490-514-700,1121-120-514-700
1444,948771,1121-490-514-700,1121-210-331-700
1445,948772,1121-490-514-700,1121-120-514-700
1446,948773,1121-490-514-700,1121-120-922-700
1447,948780,1121-4a0-412-700,1121-4a0-414-700
1448,948781,1121-4a0-412-700,1121-4a0-919-700
1449,948782,1121-4a0-412-700,1121-120-422-700
1450,948783,1121-4a0-412-700,1121-120-422-700
1451,948784,1121-4a0-412-700,1121-490-413-700
1452,948785,1121-4a0-412-700,1121-230-943-700
1453,948786,1121-4a0-412-700,1121-120-413-700
1454,948787,1121-4a0-515-700,1121-120-515-700
1455,948788,1121-4a0-515-700,1121-120-515-700
1456,948790,1121-4a0-515-700,1121-120-515-700
1457,948791,1121-220-212-700,1121-127-720-512
1458,948793,1121-230-452-700,1121-230-463-700
1459,948794,1121-218-310-700,1121-210-310-700
1460,948795,1121-230-452-700,1121-230-463-700
1461,948796,1121-230-452-700,1121-230-463-700
1462,948797,1121-230-452-700,1121-230-452-700
1463,948798,1121-230-452-700,1121-230-452-700
1464,948799,1121-230-452-700,1121-230-452-700
1465,948800,1121-230-452-700,1121-230-452-700
1466,948801,1121-220-212-700,1121-220-212-700
1467,948802,1121-230-452-700,1121-230-463-700
1468,948803,1121-218-310-700,1121-230-962-700
1469,948804,1121-218-310-700,1121-230-962-700
1470,948912,1121-230-935-700,1121-230-962-700
1471,948922,1121-230-916-700,1121-230-914-700
1472,948936,1121-210-313-700,1121-210-313-700
1473,948966,1121-230-913-700,1121-129-700-400
1474,948592,1121-120-466-700,1121-120-413-700
1475,948593,1121-120-466-700,1121-120-515-700
1476,948959,1121-230-916-700,1121-240-441-700
1477,948618,1121-120-91b-700,1121-110-414-700
1478,948619,1121-120-91b-700,1121-120-915-700
1479,948620,1121-120-935-700,1121-120-942-700
1480,948621,1121-120-935-700,1121-120-942-700
1481,948622,1121-120-935-700,1121-120-943-700
1482,948623,1121-120-935-700,1121-120-943-700
1483,948624,1121-120-935-700,1121-120-942-700
1484,948625,1121-120-935-700,1121-120-943-700
1485,948920,1121-230-916-700,1121-230-914-700
1486,948681,1121-219-310-700,1121-4a0-310-700
1487,948684,1121-219-310-700,1121-210-310-700
1488,948686,1121-219-310-700,1121-210-310-700
1489,948689,1121-218-310-700,1121-230-962-700
1490,948661,1121-200-412-700,1121-200-411-700
1491,948662,1121-200-412-700,1121-240-413-700
1492,948664,1121-200-412-700,1121-120-515-700
1493,948665,1121-210-212-700,1121-230-917-700
1494,948667,1121-210-212-700,1121-210-212-700
1495,948670,1121-210-313-700,1121-120-311-700
1496,948977,1121-127-800-700,1121-120-800-700
1497,948682,1121-218-310-700,1121-210-310-700
1498,948683,1121-218-310-700,1121-210-310-700
1499,948989,1121-210-221-700,1121-210-230-700
1500,948687,1121-219-310-700,1121-4a0-310-700
1501,948688,1121-219-310-700,1121-220-310-700
1502,948692,1121-220-212-700,1121-220-213-700
1503,948693,1121-220-212-700,1121-220-212-700
1504,948695,1121-220-212-700,1121-230-463-700
1505,948696,1121-220-212-700,1121-110-414-700
1506,948697,1121-220-215-700,1121-120-721-400
1507,948698,1121-220-215-700,1121-120-800-700
1508,948699,1121-220-215-700,1121-220-215-700
1509,948700,1121-220-215-700,1121-127-720-512
1510,948702,1121-220-320-700,1123-211-500-000
1511,948703,1121-220-320-700,1123-211-500-000
1512,948704,1121-220-320-700,1121-120-515-700
1513,948706,1121-220-320-700,1121-120-515-700
1514,948707,1121-220-320-700,1121-230-942-700
1515,948708,1121-220-320-700,1121-210-213-700
1516,948710,1121-230-414-700,1121-120-441-700
1517,948711,1121-230-414-700,1121-110-411-700
1518,948712,1121-230-414-700,1121-110-411-700
1519,948916,1121-230-916-700,1121-240-441-700
1520,948871,1121-120-935-700,1121-120-943-700
1521,948872,1121-230-935-700,1121-240-422-700
1522,948874,1121-220-320-700,1121-220-213-700
1523,948876,1121-120-935-700,1121-120-942-700
1524,948879,1121-219-310-700,1121-240-442-700
1525,948882,1121-220-215-700,1121-240-441-700
1526,948883,1121-218-310-700,1121-218-310-700
1527,948884,1121-219-310-700,1121-210-310-700
1528,948885,1121-219-310-700,1121-210-310-700
1529,948886,1121-219-310-700,1121-210-310-700
1530,948927,1121-490-413-700,1121-490-412-700
1531,948939,1121-210-313-700,1121-120-413-700
1532,948685,1121-219-310-700,1121-210-310-700
1533,948981,1121-220-221-700,1121-120-720-400
1534,948987,1121-110-540-370,1121-230-942-700
1535,948928,1121-210-212-700,1121-120-331-700
1536,948940,1121-210-313-700,1121-210-313-700
1537,948857,1121-120-91b-700,1121-120-915-700
1538,948958,1121-120-510-700,1121-120-510-700
1539,948964,1121-230-913-700,1121-230-917-700
1540,948976,1121-119-700-400,1121-129-700-400
1541,948982,1121-220-221-700,1121-220-213-700
1542,948919,1121-230-916-700,1121-230-914-700
1543,948929,1121-210-313-700,1121-115-700-400
1544,948506,1121-117-720-452,112d-121-500-000
1545,948507,1121-117-720-452,1121-228-310-700
1546,948508,1121-117-720-452,1121-110-213-700
1547,948509,1121-117-720-452,1121-420-213-700
1548,948510,1121-117-720-452,1121-120-200-700
1549,948511,1121-117-720-452,1121-129-700-400
1550,948512,1121-117-720-452,1121-120-310-700
1551,948513,1121-117-722-442,1121-110-213-700
1552,948514,1121-117-722-442,1121-230-943-700
1553,948515,1121-117-722-442,1121-110-213-700
1554,948516,1121-117-722-442,1121-120-311-700
1555,948517,1121-117-722-442,1121-127-700-400
1556,948518,1121-117-722-442,1121-220-230-700
1557,948519,1121-117-722-442,1121-220-230-700
1558,948520,1121-117-722-442,1121-115-700-400
1559,948525,1121-120-313-700,1121-120-413-700
1560,948526,1121-120-466-700,1121-230-462-700
1561,948527,1121-120-466-700,1121-129-700-400
1562,948528,1121-120-466-700,1121-120-462-700
1563,948529,1121-120-466-700,1121-120-800-700
1564,948531,1121-120-712-430,1121-120-800-700
1565,948532,1121-120-712-430,1121-110-213-700
1566,948533,1121-120-712-430,1121-220-221-700
1567,948534,1121-120-712-430,1121-127-700-400
1568,948535,1121-120-712-430,1121-120-720-400
1569,948536,1121-120-712-430,1121-117-731-443
1570,948537,1121-120-712-430,1121-110-213-700
1571,948538,1121-120-712-430,1121-210-230-700
1572,948539,1121-120-712-430,1121-210-230-700
1573,948540,1121-127-720-400,1121-110-213-700
1574,948541,1121-127-720-400,1121-127-700-400
1575,948542,1121-127-720-400,1121-4a0-919-700
1576,948543,1121-127-720-400,1121-115-700-400
1577,948544,1121-127-720-400,1121-115-700-400
1578,948545,1121-127-720-400,112d-121-500-000
1579,948546,1121-127-720-400,1121-420-213-700
1580,11434,1121-220-454-700,1121-120-918-700
1581,12058,1121-230-917-700,1121-230-917-700
1582,17937,1121-120-912-700,1121-4a0-914-700
1583,16128,1121-4a0-412-700,1121-4a0-919-700
1584,13337,1121-230-917-700,1121-230-917-700
1585,13936,1121-210-333-700,1121-210-330-700
1586,18172,1121-220-454-700,1121-12f-467-700
1587,13289,1121-230-933-700,1121-120-422-700
1588,11416,1121-4a0-515-700,1121-120-514-700
1589,15976,1121-230-933-700,1121-230-933-700
1590,11853,1121-230-414-700,1121-4a0-414-700
1591,11442,1121-220-454-700,1121-120-911-700
1592,11856,1121-230-414-700,1121-4a0-414-700
1593,15893,1121-220-212-700,1121-127-720-512
1594,15960,1121-230-451-700,1121-230-961-700
1595,13944,1121-230-917-700,1121-230-922-700
1596,372435,1121-210-321-700,1121-120-800-700
1597,15668,1121-219-310-700,1121-210-310-700
1598,15964,1121-230-933-700,1121-120-935-700
1599,16377,1121-230-954-700,1121-120-950-700
1600,11446,1121-490-514-700,1121-120-514-700
1601,11617,1121-230-933-700,1121-230-930-700
1602,16030,1121-210-333-700,1121-210-330-700
1603,16015,1121-230-952-700,1121-110-414-700
1604,16460,1121-490-415-700,1121-120-962-700
1605,16523,1121-230-933-700,1121-120-933-700
1606,16568,1121-4a0-515-700,1121-120-515-700
1607,11486,1121-490-514-700,1121-120-514-700
1608,17936,1121-120-912-700,1121-120-919-700
1609,742904,1121-210-321-700,1121-210-321-700
1610,948913,1121-230-935-700,1121-120-442-700
1611,948923,1121-230-916-700,1121-240-441-700
1612,948937,1121-210-313-700,1121-210-313-700
1613,948946,1121-230-453-700,1121-240-442-700
1614,948690,1121-218-310-700,1121-210-310-700
1615,948961,1121-230-913-700,1121-230-917-700
1616,948967,1121-230-913-700,1121-230-914-700
1617,948979,1121-220-221-700,1121-117-731-443
1618,948985,1121-230-414-700,1121-4a0-414-700
1619,948914,1121-230-935-700,1121-120-961-700
1620,948938,1121-210-313-700,1121-210-313-700
1621,948947,1121-230-453-700,1121-230-462-700
1622,948691,1121-218-310-700,1121-218-310-700
1623,948962,1121-230-913-700,1121-120-800-700
1624,948986,1121-110-540-370,1121-210-330-700
1625,948853,1121-120-91b-700,1121-120-922-700
1626,948182,1121-120-466-700,1121-120-800-700
1627,948183,1121-120-510-700,1121-120-510-700
1628,948854,1121-120-91b-700,1121-110-414-700
1629,948856,1121-120-91b-700,1121-120-915-700
1630,948859,1121-120-91b-700,1121-110-414-700
1631,948865,1121-219-310-700,1121-4a0-310-700
1632,16019,1121-230-952-700,1121-230-962-700
1633,948866,1121-120-935-700,1121-120-942-700
1634,948867,1121-230-935-700,1121-120-452-700
1635,11535,1121-230-451-700,1121-240-441-700
1636,14112,1121-120-721-400,1121-120-514-700
1637,948915,1121-230-916-700,1121-230-914-700
1638,15972,1121-230-952-700,1121-230-961-700
1639,16614,1121-4a0-515-700,1121-120-515-700
1640,16018,1121-120-956-700,1121-120-962-700
1641,948560,1127-310-600-625,1124-410-610-625
1642,948561,1127-310-600-625,1121-230-463-700
1643,948562,1127-310-600-625,1121-120-720-400
1644,948563,1127-310-600-625,1121-230-962-700
1645,948564,1127-310-600-625,1121-120-413-700
1646,948565,1127-310-600-625,1121-115-700-400
1647,948566,1127-310-600-625,1124-410-610-625
1648,948567,1127-310-600-625,1121-230-943-700
1649,948594,1121-120-811-700,1121-120-311-700
1650,948595,1121-120-811-700,1121-120-800-700
1651,948596,1121-120-811-700,1121-230-917-700
1652,948597,1121-120-811-700,1121-120-800-700
1653,948598,1121-120-811-700,1121-120-800-700
1654,948604,1121-120-900-700,1121-120-950-700
1655,948605,1121-120-900-700,1121-230-930-700
1656,948606,1121-120-900-700,1121-230-930-700
1657,948607,1121-120-900-700,1121-120-452-700
1658,948608,1121-120-900-700,1121-230-930-700
1659,948609,1121-120-900-700,1121-120-452-700
1660,948611,1121-120-900-700,1121-230-930-700
1661,948612,1121-120-900-700,1121-230-930-700
1662,948613,1121-120-900-700,1121-230-930-700
1663,948950,1121-127-720-512,1121-127-720-512
1664,948637,1121-127-732-500,1121-120-800-700
1665,948638,1121-127-732-500,1121-120-800-700
1666,948639,1121-127-732-500,1121-120-800-700
1667,948640,1121-127-732-500,1121-210-313-700
1668,948649,1121-200-300-700,1121-210-320-700
1669,948650,1121-200-300-700,1121-210-320-700
1670,948651,1121-200-300-700,1121-210-320-700
1671,948652,1121-200-300-700,1121-120-433-700
1672,948653,1121-200-300-700,1121-230-911-700
1673,948654,1121-200-300-700,1121-210-320-700
1674,948655,1121-200-300-700,1121-210-330-700
1675,948656,1121-200-300-700,1121-210-320-700
1676,948657,1121-200-300-700,1121-200-411-700
1677,948658,1121-200-300-700,1121-200-411-700
1678,948659,1121-200-300-700,1121-4a0-414-700
1679,948660,1121-200-300-700,1121-120-330-700
1680,948675,1121-210-340-700,1121-120-721-400
1681,948676,1121-210-340-700,1124-310-610-625
1682,948677,1121-210-340-700,1121-230-943-700
1683,948678,1121-210-340-700,1121-115-700-400
1684,948679,1121-210-340-700,1121-210-331-700
1685,948680,1121-210-340-700,1121-120-820-700
1686,948728,1121-230-900-700,1121-230-930-700
1687,948729,1121-230-900-700,1121-230-930-700
1688,948730,1121-230-900-700,1121-240-433-700
1689,948731,1121-230-900-700,1121-230-942-700
1690,948732,1121-230-900-700,1121-230-930-700
1691,948733,1121-230-900-700,1121-230-930-700
1692,948734,1121-230-900-700,1121-120-452-700
1693,948735,1121-230-900-700,1121-230-950-700
1694,948736,1121-230-900-700,1121-230-930-700
1695,948737,1121-230-900-700,1121-230-930-700
1696,948738,1121-230-900-700,1121-120-943-700
1697,948739,1121-230-900-700,1121-230-930-700
1698,948740,1121-230-900-700,1121-120-936-700
1699,948741,1121-230-900-700,1121-230-930-700
1700,948742,1121-230-900-700,1121-120-451-700
1701,948743,1121-230-900-700,1121-230-933-700
1702,948805,1121-120-811-700,1121-120-800-700
1703,948806,1121-120-811-700,1121-120-800-700
1704,948807,1121-120-811-700,1121-127-800-700
1705,948808,1121-120-811-700,1121-120-800-700
1706,12142,1121-129-750-400,1121-120-721-400
1707,13262,1121-210-340-700,1121-210-333-700
1708,765297,1121-129-750-400,1121-210-330-700
1709,948629,1121-127-720-512,1121-115-710-400
1710,948630,1121-127-720-512,1121-115-710-400
1711,11534,1121-120-400-700,1121-120-451-700
1712,948631,1121-127-720-512,1121-115-710-400
1713,948632,1121-127-720-512,1121-127-720-512
1714,948633,1121-127-720-512,1121-115-710-400
1715,948634,1121-127-720-512,1121-420-212-700
1716,946332,1121-129-750-400,1121-210-330-700
1717,948852,1121-127-720-512,1121-127-720-512
1718,946333,1121-129-750-400,1121-120-452-700
1719,948860,1121-210-340-700,1121-120-820-700
1720,948861,1121-210-340-700,1121-210-333-700
1721,948862,1121-210-340-700,1121-200-810-700
1722,948863,1121-210-340-700,1121-120-962-700
1723,11424,1121-200-810-700,1121-200-810-700
1724,948948,1121-127-720-512,1121-120-800-700
1725,948949,1121-127-720-512,1121-127-720-512
1726,948988,1121-117-731-443,1121-4a0-310-700
1727,948521,1121-117-731-443,1121-120-331-700
1728,948522,1121-117-731-443,1123-111-520-000
1729,948523,1121-117-731-443,1121-228-310-700
1730,948550,1121-129-750-400,1121-120-721-400
1731,948558,1127-310-600-625,1124-410-610-625
1732,948559,1127-310-600-625,1121-230-961-700
